Village,Latitude,Longitude,Ecoli_Level,Turbidity_NTU,Temperature_C,Risk_Level
Patna,25.566421073814883,85.16124712141641,Low,1.98,23.5,SAFE
Patna,25.586292181968528,85.09057972194381,High,35.8,19.7,HIGH RISK
Mumbai,19.045883765068666,72.89268844377796,Low,20.71,18.5,WARNING
Jaipur,26.943343045667785,75.73794987596781,Medium,9.6,29.8,WARNING
Coimbatore,10.982347949981179,77.00152130722067,Low,28.23,24.8,HIGH RISK
Kolkata,22.60734943663475,88.37427260313669,Low,4.62,19.9,SAFE
Coimbatore,11.064111576397938,76.94365343772083,Low,29.46,28.7,HIGH RISK
Jaipur,26.94857069003108,75.79503521452568,Medium,33.35,30.4,HIGH RISK
Bhopal,23.23883879636021,77.37057919769236,Low,2.79,22.6,SAFE
Mumbai,19.109411042664075,72.84396540971561,Low,15.82,27.1,WARNING
Kolkata,22.59095476655367,88.32104025095785,Low,27.14,32.0,HIGH RISK
Patna,25.590326021185113,85.11459478267844,Low,21.83,22.9,WARNING
Visakhapatnam,17.669228273441533,83.24533135775924,High,27.84,22.4,HIGH RISK
Chennai,13.072816478702233,80.22731886052117,Low,33.05,34.1,HIGH RISK
Visakhapatnam,17.70234386652949,83.20806319010607,High,35.18,24.3,HIGH RISK
Visakhapatnam,17.6614627507694,83.22463681341632,High,18.9,23.3,HIGH RISK
Delhi,28.69404005051404,77.07443207591574,High,23.8,36.0,HIGH RISK
Hyderabad,17.421110290966666,78.45198413193482,High,20.25,33.1,HIGH RISK
Hyderabad,17.373161928650656,78.536312138024,High,17.46,19.3,HIGH RISK
Jaipur,26.863548102194283,75.80937218193603,Medium,38.87,35.2,HIGH RISK
Patna,25.578117547303105,85.11695001286475,High,30.28,33.4,HIGH RISK
Hyderabad,17.406968066888595,78.53388880988702,Medium,1.13,32.4,WARNING
Coimbatore,11.029330019356642,76.98996693481725,Low,20.8,20.1,WARNING
Jaipur,26.878554903575317,75.83264997476535,High,8.76,25.5,HIGH RISK
Visakhapatnam,17.685660570802895,83.1796867725321,High,36.82,30.0,HIGH RISK
Kolkata,22.579335694368893,88.32177570482914,Medium,10.34,22.8,WARNING
Bhopal,23.26317061695295,77.37517605115204,Medium,32.82,37.6,HIGH RISK
Patna,25.596867378741827,85.14825939174827,Medium,37.93,21.3,HIGH RISK
Mumbai,19.097294897281913,72.86759922999974,High,30.46,31.8,HIGH RISK
Patna,25.589248614139112,85.11239056136661,High,15.56,36.0,HIGH RISK
Bengaluru,12.980444011441035,77.5453190838985,Medium,1.82,29.1,WARNING
Bhopal,23.2130412958053,77.39564284890805,High,3.3,19.3,HIGH RISK
Jaipur,26.91632339313948,75.8096352565881,Low,11.86,27.7,WARNING
Visakhapatnam,17.68409729429446,83.2092059961486,High,23.47,22.9,HIGH RISK
Bengaluru,12.962710227604974,77.63098367483695,Low,26.7,25.1,HIGH RISK
Chennai,13.038761267407702,80.29352135884412,High,26.48,30.9,HIGH RISK
Coimbatore,11.011661354783314,76.94798816398344,Low,10.7,21.8,WARNING
Delhi,28.698413074505346,77.13863491047618,Medium,10.74,36.5,WARNING
Jaipur,26.946002758507998,75.83419962572847,Low,2.97,38.0,SAFE
Visakhapatnam,17.65817472991992,83.20860402925496,Low,7.49,27.7,SAFE
Chennai,13.059220305817217,80.29910706019486,Low,15.78,37.7,WARNING
Pune,18.56994226894927,73.86227683234057,Medium,17.5,37.1,WARNING
Bhopal,23.306770936496914,77.42051802908162,Medium,7.04,23.9,WARNING
Jaipur,26.9208177594459,75.78758503829195,Low,30.17,19.1,HIGH RISK
Madurai,9.88321114652406,78.08838249609806,High,7.14,37.2,HIGH RISK
Lucknow,26.80868866139471,80.98522873141295,Low,27.33,22.7,HIGH RISK
Mumbai,19.067922491533587,72.88606722892912,High,24.19,30.4,HIGH RISK
Jaipur,26.934019180078945,75.76116859526158,Medium,37.45,22.1,HIGH RISK
Ahmedabad,23.004117719627185,72.59658644924144,Low,27.2,24.0,HIGH RISK
Bengaluru,13.02120964478551,77.55192607210996,Low,18.87,38.0,WARNING
Mumbai,19.114086417368643,72.91562702424847,High,11.34,36.7,HIGH RISK
Kolkata,22.59295399250874,88.37506777657259,Medium,7.15,34.7,WARNING
Coimbatore,11.022260228248967,76.9989756039436,High,21.63,31.4,HIGH RISK
Bengaluru,12.9958416683981,77.5601447909775,Low,11.31,35.8,WARNING
Delhi,28.722849712880134,77.1377912815392,High,9.21,24.9,HIGH RISK
Jaipur,26.867479889366255,75.80072844473092,Medium,10.79,36.2,WARNING
Madurai,9.88828196607017,78.16777979538288,Medium,2.72,24.7,WARNING
Hyderabad,17.391090686477476,78.44788738805893,High,18.23,32.1,HIGH RISK
Visakhapatnam,17.720259501988604,83.22675095664898,High,36.25,28.9,HIGH RISK
Hyderabad,17.42489814887426,78.51631223048881,Medium,5.97,24.2,WARNING
Madurai,9.900152973922292,78.08007936216718,Low,36.06,22.2,HIGH RISK
Coimbatore,11.028866151015071,76.92125533383322,High,35.48,26.1,HIGH RISK
Visakhapatnam,17.71787717199404,83.25664162046634,Low,34.72,37.5,HIGH RISK
Chennai,13.125781588604834,80.30092351389372,Low,29.73,24.6,HIGH RISK
Madurai,9.953937450913548,78.08060956264029,High,32.62,23.3,HIGH RISK
Madurai,9.956858660559693,78.11583032346789,Low,34.49,22.4,HIGH RISK
Delhi,28.693946597856478,77.0803603061023,Low,9.69,31.2,SAFE
Bengaluru,12.989551811836026,77.6289661163272,Medium,14.69,28.2,WARNING
Kolkata,22.540456781617248,88.41015343157616,Low,5.5,37.4,SAFE
Delhi,28.726954506065272,77.0838677314195,Low,5.23,26.7,SAFE
Lucknow,26.81570787745023,80.90063865337133,High,5.51,36.0,HIGH RISK
Ahmedabad,23.041185714691455,72.61542631203976,Low,21.28,34.1,WARNING
Bhopal,23.30478744859713,77.4546770856218,High,8.68,26.6,HIGH RISK
Lucknow,26.88670468350971,80.94691225040353,Medium,26.87,20.5,HIGH RISK
Patna,25.59954124776668,85.10678400929902,Medium,13.72,31.9,WARNING
Patna,25.60565149159514,85.11769498745656,Medium,27.42,36.1,HIGH RISK
Jaipur,26.94097588274776,75.79796615704798,Low,12.85,22.2,WARNING
Kolkata,22.57371739968746,88.3932735399106,Medium,18.23,31.5,WARNING
Coimbatore,11.018345200991522,76.96909408557657,High,7.62,19.7,HIGH RISK
Kolkata,22.589879567055718,88.33636406659973,Low,32.92,33.0,HIGH RISK
Mumbai,19.073513634421882,72.91267376946247,Low,1.95,22.9,SAFE
Bengaluru,12.941043523673972,77.61423542504905,Medium,17.16,30.6,WARNING
Pune,18.470954481813802,73.88179644766186,Medium,10.52,31.1,WARNING
Coimbatore,11.047210985617314,76.97539117764082,Low,31.36,22.4,HIGH RISK
Pune,18.482535859918936,73.82003391055571,Low,22.74,36.3,WARNING
Pune,18.502129795746534,73.88222500135558,High,21.71,29.2,HIGH RISK
Pune,18.513074075685864,73.89738547304562,High,32.79,35.8,HIGH RISK
Pune,18.4963191548465,73.83142397375097,Low,30.0,27.5,HIGH RISK
Patna,25.60677484369818,85.11505974469176,Medium,30.87,28.4,HIGH RISK
Bengaluru,12.953570956841876,77.59861522225185,High,12.14,23.4,HIGH RISK
Hyderabad,17.405641914169458,78.44312288507139,Low,10.02,31.9,WARNING
Ahmedabad,22.99318343895144,72.56341435177734,Medium,22.16,26.3,WARNING
Visakhapatnam,17.724865667275782,83.22606903468102,High,37.9,18.4,HIGH RISK
Pune,18.50939866480637,73.89586415419686,Low,37.77,24.0,HIGH RISK
Madurai,9.955186817094127,78.15958113473992,Medium,21.99,32.7,WARNING
Pune,18.509285720324613,73.8735873620623,Low,11.64,27.7,WARNING
Coimbatore,11.058754162066897,77.00387219775189,Medium,29.24,34.8,HIGH RISK
Jaipur,26.928699975683617,75.7456947462162,Low,36.37,29.8,HIGH RISK
Ahmedabad,22.998515631391932,72.55413526669417,Low,34.81,21.6,HIGH RISK
Pune,18.49822566156388,73.90182041198607,Medium,14.16,35.6,WARNING
Ahmedabad,23.047402426108285,72.52660856082433,Medium,33.56,27.4,HIGH RISK
Kolkata,22.58777546552439,88.38932332040595,Low,26.36,33.6,HIGH RISK
Mumbai,19.049854494188892,72.87505610609462,Low,33.73,30.4,HIGH RISK
Bengaluru,12.947224369656219,77.58148951743229,High,37.96,27.3,HIGH RISK
Lucknow,26.874479188617542,80.91257658101672,High,38.59,32.4,HIGH RISK
Delhi,28.711679672841242,77.14330261510474,Low,23.57,36.6,WARNING
Ahmedabad,23.031709786124985,72.60445716337803,Medium,37.72,22.0,HIGH RISK
Mumbai,19.094425903916665,72.90825279636462,Low,28.19,24.0,HIGH RISK
Coimbatore,11.009637801323475,76.9428570876218,High,31.52,24.9,HIGH RISK
Jaipur,26.944633091809006,75.74785388706441,High,14.31,35.0,HIGH RISK
Kolkata,22.537899114909386,88.3315136961086,High,35.77,27.2,HIGH RISK
Jaipur,26.916217290644827,75.78564975038832,High,11.53,34.2,HIGH RISK
Ahmedabad,22.99704951690937,72.61486218786139,High,24.11,24.4,HIGH RISK
Delhi,28.71513317042305,77.09039893041283,Medium,10.51,27.3,WARNING
Chennai,13.053911985017974,80.30048323568282,Medium,34.19,21.6,HIGH RISK
Kolkata,22.55022685757562,88.31491511144387,Medium,35.33,32.0,HIGH RISK
Mumbai,19.081517621158188,72.85173239361242,Low,10.41,26.1,WARNING
Pune,18.472124325934836,73.83612355813206,High,28.76,27.0,HIGH RISK
Ahmedabad,23.009402045066103,72.57674729550102,High,10.49,31.3,HIGH RISK
Kolkata,22.557781052761417,88.35927452628532,Medium,39.87,29.0,HIGH RISK
Delhi,28.685654794400598,77.12678810636392,Medium,9.99,32.4,WARNING
Coimbatore,11.01521985872127,76.9782585001093,High,8.22,22.3,HIGH RISK
Coimbatore,11.050062836332707,76.93542464632651,High,24.27,37.6,HIGH RISK
Kolkata,22.5352582959848,88.31845157009832,Low,12.79,32.2,WARNING
Chennai,13.096486965510593,80.29597921757913,High,12.39,36.9,HIGH RISK
Bengaluru,12.965646879813601,77.563036367039,Low,23.39,27.4,WARNING
Chennai,13.114911564529944,80.2607707442252,Medium,37.7,27.6,HIGH RISK
Bengaluru,12.936519758447366,77.60088395970845,High,25.55,19.1,HIGH RISK
Delhi,28.73054434453262,77.11313176512431,Low,39.76,20.4,HIGH RISK
Coimbatore,11.011851446488876,76.95007210040193,High,9.8,28.5,HIGH RISK
Madurai,9.937302732107215,78.13076309122451,High,39.61,24.1,HIGH RISK
Bhopal,23.231002519530538,77.42864281371921,Low,37.96,22.2,HIGH RISK
Hyderabad,17.33526757226029,78.48175037046177,Low,7.78,19.5,SAFE
Lucknow,26.867395582987903,80.96649875580938,Medium,12.36,22.6,WARNING
Pune,18.54918280266467,73.86920580071643,Low,27.81,36.5,HIGH RISK
Patna,25.60886347234025,85.17844114452127,Low,17.58,28.9,WARNING
Madurai,9.905961181261423,78.14469577220696,Low,3.78,21.3,SAFE
Lucknow,26.827109119054477,80.93645085191629,Medium,18.13,27.4,WARNING
Delhi,28.71390366620411,77.14144228892926,High,22.06,26.8,HIGH RISK
Bhopal,23.23279244157218,77.43002983671721,Medium,24.54,18.5,WARNING
Madurai,9.951676038003178,78.15194212452583,High,23.9,18.4,HIGH RISK
Lucknow,26.84859638409876,80.94042294044202,Low,30.76,21.5,HIGH RISK
Delhi,28.73552449445406,77.14940552360657,Low,39.88,26.7,HIGH RISK
Pune,18.480859988458253,73.82278248526589,Medium,16.93,24.4,WARNING
Ahmedabad,23.012545225481368,72.59744997720577,High,20.32,31.3,HIGH RISK
Chennai,13.044292160143097,80.29795479260399,Medium,4.43,23.0,WARNING
Madurai,9.962136748432066,78.11599763449821,High,33.17,18.0,HIGH RISK
Chennai,13.08254931023822,80.26490409557223,Low,21.22,30.5,WARNING
Chennai,13.061502914498833,80.30878466173579,Low,11.42,20.6,WARNING
Pune,18.550331373327445,73.87767828251003,Low,2.13,30.6,SAFE
Delhi,28.67657006594558,77.13664056816171,High,1.53,26.2,HIGH RISK
Bengaluru,12.936997112442834,77.63786530599342,Medium,37.94,31.0,HIGH RISK
Delhi,28.702349957695787,77.09972197819035,High,28.51,26.3,HIGH RISK
Pune,18.53033775986749,73.88132925454924,High,6.64,21.8,HIGH RISK
Hyderabad,17.376494242355136,78.53012483936826,Low,11.77,33.8,WARNING
Jaipur,26.89225558497718,75.79599377224142,Medium,33.0,23.7,HIGH RISK
Patna,25.592534138555173,85.12084399557108,Medium,34.75,26.9,HIGH RISK
Coimbatore,11.053760168323407,77.00387746313325,High,15.71,36.7,HIGH RISK
Mumbai,19.06707750955496,72.85951763272338,High,15.94,35.1,HIGH RISK
Pune,18.569241400193935,73.88593936606999,High,36.62,25.6,HIGH RISK
Patna,25.5943291150133,85.14661804293097,Low,20.32,18.7,WARNING
Madurai,9.927795108680757,78.11549280744742,Low,35.09,26.8,HIGH RISK
Bhopal,23.225336121877152,77.40954906009847,Low,16.99,31.1,WARNING
Delhi,28.662131532057945,77.08535655889835,Medium,25.31,25.9,HIGH RISK
Patna,25.615971742522298,85.16354018093344,High,15.82,24.3,HIGH RISK
Madurai,9.938316101685464,78.16189290987803,High,2.4,19.4,HIGH RISK
Mumbai,19.102036969299427,72.89808908293291,High,4.52,37.6,HIGH RISK
Bengaluru,12.924494724939757,77.57703746667814,Medium,7.49,24.0,WARNING
Chennai,13.057119743218397,80.26190517489756,Medium,14.98,26.6,WARNING
Patna,25.631183959864487,85.14957103685374,Low,7.63,19.6,SAFE
Mumbai,19.0721149913355,72.85309773394135,Medium,36.6,20.9,HIGH RISK
Delhi,28.74422094235989,77.12026108856992,High,1.37,34.1,HIGH RISK
Hyderabad,17.393757170512643,78.500593870236,Low,18.23,24.9,WARNING
Ahmedabad,22.99242169991089,72.55986932489674,High,10.75,34.9,HIGH RISK
Pune,18.527881193017862,73.90596920436269,Low,10.25,29.4,WARNING
Delhi,28.681548038017823,77.10909290169558,Low,39.14,31.2,HIGH RISK
Patna,25.618617215413398,85.17088388996733,High,38.97,36.2,HIGH RISK
Visakhapatnam,17.71699319575453,83.19040045389282,Medium,31.25,22.6,HIGH RISK
Mumbai,19.102747077449546,72.8957855094182,High,10.77,33.1,HIGH RISK
Hyderabad,17.338942257396084,78.51556104840101,High,4.79,30.5,HIGH RISK
Chennai,13.123662781231934,80.25337191257141,High,15.23,20.6,HIGH RISK
Ahmedabad,23.060146059670664,72.55798575306152,Low,8.83,33.7,SAFE
Jaipur,26.944868981254242,75.78548478298738,Medium,33.39,23.1,HIGH RISK
Coimbatore,10.978316970744975,77.00208932928689,Medium,30.12,24.8,HIGH RISK
Hyderabad,17.432994224278193,78.53342697473,Low,34.55,32.5,HIGH RISK
Coimbatore,10.96819186551009,76.9594572308269,High,15.27,33.8,HIGH RISK
Pune,18.528856009165214,73.88894173012268,Medium,27.24,31.4,HIGH RISK
Kolkata,22.584554686704454,88.40821691360578,Low,27.32,27.4,HIGH RISK
Kolkata,22.604985535139047,88.40483876384279,High,9.63,19.3,HIGH RISK
Delhi,28.748726153288196,77.08293645843561,High,16.92,20.8,HIGH RISK
Pune,18.483966404870632,73.8520643756889,Low,4.79,35.7,SAFE
Patna,25.60283403455486,85.16025991505573,High,28.16,28.8,HIGH RISK
Visakhapatnam,17.69836522140512,83.26240530657137,Medium,26.54,34.7,HIGH RISK
Delhi,28.698569585977907,77.07611126382311,Low,27.92,22.3,HIGH RISK
Kolkata,22.612769621242467,88.3783826809754,Low,39.26,25.3,HIGH RISK
Chennai,13.127601078826215,80.30311910819316,Medium,11.76,37.4,WARNING
Bengaluru,13.0187093312065,77.54965785106629,High,9.27,30.8,HIGH RISK
Kolkata,22.54312055751429,88.39688178372171,Low,39.56,33.7,HIGH RISK
Jaipur,26.885699867904606,75.81473685778049,Low,23.87,34.3,WARNING
Coimbatore,10.981268798032051,76.91879921314434,High,1.11,35.2,HIGH RISK
Delhi,28.66728032295619,77.08832422792166,Low,5.29,35.3,SAFE
Coimbatore,10.993336750832498,76.91847585437128,Low,23.97,18.3,WARNING
Ahmedabad,23.01732752142699,72.55760389738175,High,5.43,19.3,HIGH RISK
Lucknow,26.858210683628442,80.96892429971638,Low,18.63,22.4,WARNING
Visakhapatnam,17.733202618312205,83.17458254074946,High,21.34,27.2,HIGH RISK
Pune,18.541640131489707,73.8510562329363,Medium,17.62,20.2,WARNING
Visakhapatnam,17.649419158830508,83.23093174942812,Low,13.56,21.0,WARNING
Lucknow,26.85643918551993,80.925689774595,High,28.77,25.6,HIGH RISK
Jaipur,26.87384140724301,75.80277129575232,High,17.78,33.9,HIGH RISK
Visakhapatnam,17.68195549159653,83.19134935743647,High,29.11,22.3,HIGH RISK
Kolkata,22.553854834999715,88.34515235711419,Medium,16.55,32.6,WARNING
Delhi,28.701526788558912,77.06162247883661,Medium,38.19,31.7,HIGH RISK
Bengaluru,12.958864685937591,77.55761154535739,Low,17.84,32.9,WARNING
Chennai,13.09970132647323,80.26178086329222,High,38.31,29.2,HIGH RISK
Madurai,9.966784367097215,78.07494460799724,High,37.7,26.5,HIGH RISK
Delhi,28.704841254696802,77.06797301758583,High,13.19,20.1,HIGH RISK
Pune,18.52602654761043,73.81818853135303,Low,34.04,25.0,HIGH RISK
Delhi,28.710196570174805,77.12924325318518,High,9.82,26.6,HIGH RISK
Lucknow,26.857599491555305,80.9619831227999,High,27.32,29.1,HIGH RISK
Bhopal,23.2861409517981,77.45475375210331,Medium,2.13,23.5,WARNING
Kolkata,22.58833446348368,88.32085854212484,Low,8.07,20.9,SAFE
Bhopal,23.26294826886589,77.40021944057035,High,38.9,19.8,HIGH RISK
Pune,18.50283828920784,73.90084074239701,Medium,7.14,24.2,WARNING
Lucknow,26.872143587912497,80.9011762492433,Low,35.45,21.1,HIGH RISK
Bengaluru,12.982307600744102,77.58601837378828,Medium,18.28,26.5,WARNING
Mumbai,19.054324647008045,72.89554862547602,High,5.44,26.6,HIGH RISK
Pune,18.50992633960876,73.86663249569445,High,27.02,18.9,HIGH RISK
Chennai,13.046423480525734,80.24625195040215,Low,12.76,22.2,WARNING
Kolkata,22.540169480187586,88.35192074457153,Low,1.3,32.9,SAFE
Bhopal,23.290520018656675,77.36980754965921,Low,20.51,34.7,WARNING
Madurai,9.967316243450242,78.15601100136121,High,2.65,18.4,HIGH RISK
Lucknow,26.838469395984347,80.90771733726639,Medium,23.36,32.2,WARNING
Chennai,13.078709690189381,80.28966100410803,Medium,7.7,37.0,WARNING
Kolkata,22.56616765269404,88.35394498163161,Low,18.03,20.1,WARNING
Bengaluru,12.943757205889426,77.62251178686033,Medium,34.95,32.9,HIGH RISK
Bengaluru,12.940990370626691,77.62222282293243,High,25.7,28.6,HIGH RISK
Kolkata,22.537368983599745,88.32418045277778,High,38.37,30.9,HIGH RISK
Delhi,28.730015238004558,77.06003532735791,Low,7.77,21.1,SAFE
Coimbatore,11.042787714960776,76.9506905256995,High,20.27,33.1,HIGH RISK
Visakhapatnam,17.669120824164338,83.26559730642082,High,26.08,37.7,HIGH RISK
Kolkata,22.585738512002543,88.39353296791515,Low,18.15,27.4,WARNING
Lucknow,26.842874248644645,80.89996072455712,Low,14.73,19.5,WARNING
Kolkata,22.60812933714561,88.37540083884156,Medium,3.99,35.3,WARNING
Jaipur,26.941581779726537,75.82688767655569,Medium,19.05,29.1,WARNING
Pune,18.517962902794306,73.82178610766957,High,26.42,24.4,HIGH RISK
Chennai,13.067043777583828,80.29213155491675,Medium,5.04,36.0,WARNING
Jaipur,26.906175827430925,75.78124217917626,High,7.73,23.0,HIGH RISK
Jaipur,26.890689357861444,75.77817693972473,High,7.19,25.5,HIGH RISK
Kolkata,22.587330535696932,88.32049118542797,High,24.32,33.8,HIGH RISK
Bengaluru,12.993973365500247,77.61025640864105,High,27.46,23.7,HIGH RISK
Visakhapatnam,17.695073951458642,83.18264283805844,High,35.06,24.7,HIGH RISK
Kolkata,22.561795798433536,88.37340412281516,Medium,38.74,32.0,HIGH RISK
Bengaluru,12.954447655425358,77.55737937641004,Medium,22.8,30.9,WARNING
Bhopal,23.2192452965066,77.42964560400799,High,39.89,36.2,HIGH RISK
Jaipur,26.957516931359613,75.77147323451315,Medium,1.71,24.2,WARNING
Coimbatore,10.98229451729444,76.93537921016546,Medium,8.49,38.0,WARNING
Coimbatore,11.040664400300146,76.95845316295456,Low,20.8,28.8,WARNING
Patna,25.603824644107164,85.10302527613212,Medium,35.18,30.4,HIGH RISK
Hyderabad,17.351553916574407,78.48046734051384,High,31.07,34.2,HIGH RISK
Ahmedabad,23.01691987098053,72.54989279325633,Medium,27.38,22.8,HIGH RISK
Bhopal,23.3064596637194,77.44103702395932,Medium,10.13,22.8,WARNING
Visakhapatnam,17.73524397935316,83.2146679978441,Low,15.35,36.9,WARNING
Delhi,28.67030581732459,77.07246977314448,Medium,20.61,26.4,WARNING
Lucknow,26.84475906554618,80.93332121066045,Low,35.05,19.0,HIGH RISK
Visakhapatnam,17.649267777196368,83.17688751253718,Low,28.74,28.3,HIGH RISK
Hyderabad,17.41810467186382,78.44587135696591,Medium,18.52,28.3,WARNING
Visakhapatnam,17.72984719271263,83.2099896905819,Low,32.85,35.7,HIGH RISK
Ahmedabad,22.980660543721104,72.5438538758607,High,15.58,25.7,HIGH RISK
Kolkata,22.60173806374822,88.32765995877259,Low,33.73,31.0,HIGH RISK
Delhi,28.724653617528908,77.09736014739823,Medium,28.15,20.8,HIGH RISK
Chennai,13.047651961896424,80.31472259493414,Low,1.74,22.3,SAFE
Lucknow,26.82046402266409,80.90838483451587,High,17.51,33.5,HIGH RISK
Mumbai,19.032280715101106,72.91136877206054,Medium,25.92,30.5,HIGH RISK
Pune,18.527904745753062,73.87855443277924,High,21.91,30.6,HIGH RISK
Delhi,28.711166371602243,77.07123139117985,Medium,1.06,25.1,WARNING
Patna,25.639440367798553,85.14200819599282,Low,21.42,25.2,WARNING
Coimbatore,11.013813507815849,76.96936707914686,High,22.61,25.8,HIGH RISK
Kolkata,22.529355955774193,88.33801259243856,Medium,30.15,25.1,HIGH RISK
Patna,25.619767892644198,85.10094095898594,High,5.04,29.6,HIGH RISK
Kolkata,22.605638365676363,88.3823682566409,High,14.2,30.9,HIGH RISK
Bhopal,23.21621005370322,77.44021903997034,Medium,25.64,34.2,HIGH RISK
Pune,18.490346983371516,73.81089059419304,Low,12.44,18.9,WARNING
Visakhapatnam,17.691103069765422,83.19383137652027,Medium,21.1,37.8,WARNING
Coimbatore,11.044884156697842,76.99237982770781,High,8.45,25.1,HIGH RISK
Kolkata,22.61154865170123,88.38823077055196,Medium,5.85,25.4,WARNING
Visakhapatnam,17.70600684911126,83.20523469269597,Medium,14.22,21.7,WARNING
Coimbatore,11.009249966131842,76.94886071520034,High,11.4,19.7,HIGH RISK
Madurai,9.8832068911075,78.13589192214582,Low,22.27,24.4,WARNING
Delhi,28.72307648084455,77.08765469837721,Medium,24.5,26.5,WARNING
Chennai,13.132515059777306,80.24815553600749,High,34.93,25.1,HIGH RISK
Coimbatore,11.003131113065098,76.98590959755622,Low,3.93,30.8,SAFE
Patna,25.604857290332088,85.16573119697435,Low,38.16,20.9,HIGH RISK
Chennai,13.069332847310715,80.25898544016889,Low,3.62,33.6,SAFE
Lucknow,26.891582352926555,80.93340133784707,Low,24.6,31.6,WARNING
Coimbatore,11.006603404595245,76.9707560736706,Low,23.38,28.6,WARNING
Mumbai,19.07777452742084,72.91905425058133,Low,2.01,21.7,SAFE
Bengaluru,12.943057042542373,77.60578771827636,Medium,31.22,32.1,HIGH RISK
Bhopal,23.217305203917654,77.3798656363984,Medium,8.81,20.7,WARNING
Bhopal,23.306656123636305,77.46125746596425,Medium,39.89,34.2,HIGH RISK
Patna,25.573136228277782,85.11759566782368,Medium,28.67,29.0,HIGH RISK
Hyderabad,17.35240910097487,78.47284921831246,High,28.67,32.0,HIGH RISK
Mumbai,19.049673618428688,72.87710219374469,Low,39.42,33.8,HIGH RISK
Kolkata,22.62090119576428,88.32687712297138,High,23.32,27.3,HIGH RISK
Visakhapatnam,17.708493359850998,83.21636651099153,Low,3.56,26.0,SAFE
Ahmedabad,23.069737973151376,72.58563385893864,Medium,33.11,19.5,HIGH RISK
Pune,18.55819601516504,73.88472629288384,Medium,27.52,24.9,HIGH RISK
Patna,25.5873618286482,85.1786712270947,High,8.1,37.3,HIGH RISK
Chennai,13.048896695955591,80.31417378366392,Low,21.21,24.1,WARNING
Mumbai,19.054404831026446,72.83558599047855,Medium,37.95,28.4,HIGH RISK
Mumbai,19.08850223614486,72.88914282783082,High,38.3,23.5,HIGH RISK
Bengaluru,12.979664650114026,77.56172006230558,High,26.0,29.8,HIGH RISK
Lucknow,26.88909297253163,80.90031943035218,High,36.18,24.8,HIGH RISK
Madurai,9.952302236879447,78.0962655907833,Low,4.17,37.0,SAFE
Mumbai,19.075803806013614,72.89041640102981,High,17.25,30.8,HIGH RISK
Delhi,28.734568815421575,77.12099908411957,High,38.31,27.7,HIGH RISK
Delhi,28.698060549992043,77.10092511301075,Medium,3.85,19.2,WARNING
Mumbai,19.097836288511246,72.90111997548046,Medium,24.66,24.3,WARNING
Madurai,9.91225401980503,78.12596512157484,Medium,39.04,20.6,HIGH RISK
Kolkata,22.547391888252555,88.32358116525606,Low,19.19,23.3,WARNING
Delhi,28.750368585223935,77.14273108270743,Medium,34.7,26.4,HIGH RISK
Madurai,9.894183410122336,78.08573424118926,Medium,37.42,32.4,HIGH RISK
Jaipur,26.864717629821637,75.83182328040692,Medium,20.45,24.2,WARNING
Jaipur,26.897689508885637,75.74235404046279,Medium,38.7,22.3,HIGH RISK
Pune,18.51745868533682,73.8603690749289,High,35.41,31.1,HIGH RISK
Madurai,9.947950806335939,78.1461856764162,Low,17.81,35.6,WARNING
Kolkata,22.542065530188772,88.36922229266212,Low,16.62,29.4,WARNING
Bengaluru,12.949572067762398,77.64350907006207,Medium,20.67,33.3,WARNING
Patna,25.583490371272863,85.1670897228381,High,5.63,37.5,HIGH RISK
Kolkata,22.542505788155246,88.36481225162252,High,37.62,33.1,HIGH RISK
Jaipur,26.895704070535277,75.78467441503952,Low,2.77,20.7,SAFE
Pune,18.50319658476365,73.86800681210647,Low,24.64,28.3,WARNING
Hyderabad,17.364923434252834,78.47033734521517,Medium,39.63,32.8,HIGH RISK
Madurai,9.905179056473742,78.15137488332438,High,21.76,32.2,HIGH RISK
Kolkata,22.58097021418488,88.39357548139301,Medium,27.28,37.6,HIGH RISK
Bhopal,23.23645304369857,77.4281590972177,High,25.54,29.9,HIGH RISK
Coimbatore,11.025152327704763,76.92285120617466,High,23.53,32.4,HIGH RISK
Patna,25.558877570830035,85.15567268950507,High,25.17,34.8,HIGH RISK
Chennai,13.034593736750661,80.2520692483446,High,37.98,20.2,HIGH RISK
Hyderabad,17.412497230180712,78.52875209498973,Medium,27.93,26.2,HIGH RISK
Madurai,9.927068321156012,78.12588867729086,High,29.37,32.1,HIGH RISK
Patna,25.561418242385734,85.17881241609241,Medium,21.49,24.3,WARNING
Kolkata,22.59469245613273,88.37823090999994,High,14.82,33.4,HIGH RISK
Bhopal,23.234551913552735,77.41840866508073,Medium,24.79,21.8,WARNING
Mumbai,19.09502399115636,72.87660030795115,Medium,31.08,32.1,HIGH RISK
Pune,18.542566437859428,73.8354789375498,Medium,22.86,36.7,WARNING
Lucknow,26.836153245564084,80.93071346751647,High,22.18,35.9,HIGH RISK
Coimbatore,11.03821412874984,76.94043635140956,Low,12.33,23.8,WARNING
Pune,18.49060680072006,73.86055779237087,High,11.0,27.6,HIGH RISK
Visakhapatnam,17.698367703441452,83.22718304985709,High,28.15,20.7,HIGH RISK
Mumbai,19.089794457340865,72.83294911068396,Low,27.12,28.6,HIGH RISK
Ahmedabad,23.04957660580983,72.52191814464071,Medium,28.98,20.0,HIGH RISK
Jaipur,26.950239962151425,75.7850448520441,Low,16.87,36.7,WARNING
Mumbai,19.116793695873564,72.83664607205115,Medium,13.53,30.9,WARNING
Lucknow,26.89036693797506,80.98752297256699,Low,21.87,32.5,WARNING
Hyderabad,17.426963481185094,78.53641718030885,Medium,35.41,21.5,HIGH RISK
Ahmedabad,23.059729068522184,72.55034669762011,Medium,8.27,33.0,WARNING
Chennai,13.125545484601703,80.25420421136958,Low,12.64,30.1,WARNING
Pune,18.564256050174087,73.8918059738578,High,22.19,27.9,HIGH RISK
Pune,18.486649426253972,73.85259144710324,Medium,8.52,20.3,WARNING
Delhi,28.733176766442526,77.1092781222421,High,8.26,32.7,HIGH RISK
Coimbatore,11.056504276178398,76.98849898252763,Low,7.84,35.1,SAFE
Jaipur,26.880878120104736,75.75136118756343,Medium,4.38,31.4,WARNING
Kolkata,22.567273552180648,88.34059943269644,Low,1.27,25.7,SAFE
Kolkata,22.54875531508154,88.34985520905612,Medium,23.72,29.5,WARNING
Mumbai,19.041971682522757,72.89630736198912,Low,27.04,27.3,HIGH RISK
Visakhapatnam,17.70067113251994,83.2625635623746,High,31.02,31.8,HIGH RISK
Kolkata,22.570418189973523,88.35939786727707,High,9.61,37.1,HIGH RISK
Lucknow,26.84378280768793,80.94995176876932,Medium,17.22,29.0,WARNING
Patna,25.60368144655312,85.16633706898233,Low,30.71,31.6,HIGH RISK
Jaipur,26.9541244706781,75.74852087915373,Medium,21.6,25.2,WARNING
Madurai,9.928866015826056,78.08625371565827,High,36.21,22.0,HIGH RISK
Madurai,9.946891796618065,78.11868279668312,High,18.23,31.6,HIGH RISK
Visakhapatnam,17.649994433982112,83.21004245738447,High,18.37,19.1,HIGH RISK
Lucknow,26.827516956403315,80.89837704578933,Low,22.79,31.5,WARNING
Delhi,28.658628980272784,77.08695288665622,Low,30.09,29.6,HIGH RISK
Bengaluru,12.928501914616032,77.63797755625849,High,39.77,36.7,HIGH RISK
Chennai,13.109282768292372,80.31853332849242,Medium,16.95,33.4,WARNING
Patna,25.58895371326627,85.17931150766817,Medium,15.6,35.8,WARNING
Ahmedabad,23.059955372169092,72.53469898063356,Medium,4.13,37.3,WARNING
Madurai,9.914505863178404,78.08253470873225,Medium,5.63,37.9,WARNING
Mumbai,19.07230039011948,72.8996093975011,Low,30.49,37.6,HIGH RISK
Ahmedabad,23.01856252785486,72.53691213732037,High,15.79,22.6,HIGH RISK
Mumbai,19.09201976858023,72.8891923207209,High,30.85,18.6,HIGH RISK
Visakhapatnam,17.696194414747936,83.21314410662487,Low,10.39,19.3,WARNING
Patna,25.5485236730056,85.13149628114876,High,35.02,22.9,HIGH RISK
Jaipur,26.87641355751149,75.83664834412431,Low,30.42,33.5,HIGH RISK
Mumbai,19.103253821248213,72.90953824890902,High,23.47,29.5,HIGH RISK
Mumbai,19.078125105426494,72.86905602064469,Medium,35.17,37.7,HIGH RISK
Delhi,28.727621210932416,77.07001331882626,Low,22.71,29.8,WARNING
Patna,25.57854148297726,85.15193160653065,Medium,22.68,18.9,WARNING
Ahmedabad,22.987421760782517,72.55904601885071,High,13.43,26.3,HIGH RISK
Coimbatore,10.996873641879514,76.9765576797488,High,19.47,35.0,HIGH RISK
Coimbatore,11.063578618854663,76.96152867581992,Medium,36.67,29.2,HIGH RISK
Hyderabad,17.399670585154794,78.52892261045112,Medium,10.47,22.1,WARNING
Madurai,9.894248161843073,78.09664615878549,Medium,4.61,32.5,WARNING
Patna,25.562916329393275,85.16376964175373,High,24.51,35.5,HIGH RISK
Bhopal,23.296847385152454,77.39589643108188,High,22.8,27.6,HIGH RISK
Visakhapatnam,17.71094752030173,83.24318792274563,Low,9.26,21.8,SAFE
Coimbatore,11.03717685826757,76.94546320597762,Medium,36.66,31.9,HIGH RISK
Mumbai,19.07262504608456,72.89257213399952,High,13.54,23.7,HIGH RISK
Delhi,28.700700406690395,77.13278166218201,Medium,15.03,35.7,WARNING
Bhopal,23.230212749125588,77.39389220188701,Medium,30.7,24.4,HIGH RISK
Chennai,13.034321990100127,80.27603115635422,High,34.7,32.8,HIGH RISK
Lucknow,26.816319178272682,80.91920186260033,High,29.08,23.9,HIGH RISK
Lucknow,26.86518466123459,80.92193267576349,Low,20.47,31.1,WARNING
Madurai,9.924259558258079,78.08662336459516,Medium,38.69,30.8,HIGH RISK
Coimbatore,11.015631632125412,76.99748993896944,Medium,7.6,32.4,WARNING
Jaipur,26.946306849359498,75.7447330411443,High,38.33,28.5,HIGH RISK
Madurai,9.888949153049696,78.1328701647933,High,2.89,18.1,HIGH RISK
Bengaluru,12.967200965897144,77.5506450118913,High,6.89,22.4,HIGH RISK
Patna,25.610028434198988,85.08917317668693,High,37.42,36.3,HIGH RISK
Jaipur,26.934619272162575,75.7908738102924,High,17.04,18.3,HIGH RISK
Delhi,28.697157320867603,77.14647119127943,Low,20.59,32.0,WARNING
Hyderabad,17.359096883231352,78.49867808424119,Low,36.8,28.5,HIGH RISK
Delhi,28.69140515834637,77.09310274098739,Medium,11.43,25.9,WARNING
Lucknow,26.865104162547038,80.98098671020315,Low,39.62,22.5,HIGH RISK
Patna,25.58202640222398,85.14287014395298,High,30.62,19.9,HIGH RISK
Chennai,13.08268583931128,80.26409096519717,High,1.37,21.4,HIGH RISK
Coimbatore,10.976336183547073,76.95861591856416,Medium,23.07,35.2,WARNING
Chennai,13.12145543070345,80.26825002876453,Low,9.25,35.4,SAFE
Chennai,13.087003069832557,80.2865109240479,Low,27.69,23.6,HIGH RISK
Hyderabad,17.34941915612836,78.51876907414847,Medium,1.61,22.1,WARNING
Madurai,9.931595819962377,78.1264695919891,Medium,37.23,24.0,HIGH RISK
Madurai,9.91358462140829,78.14377451709207,Medium,27.4,28.8,HIGH RISK
Coimbatore,11.0642323327436,76.91116964319474,High,29.24,28.0,HIGH RISK
Ahmedabad,23.049400565336544,72.61688583969146,Low,33.71,24.8,HIGH RISK
Ahmedabad,23.071758587845082,72.57046034561108,Medium,2.16,23.5,WARNING
Kolkata,22.590569485808818,88.37996719075149,High,37.7,26.6,HIGH RISK
Bengaluru,12.928950668372243,77.57139720308946,High,12.52,22.9,HIGH RISK
Ahmedabad,23.011462197539718,72.5574700228114,High,31.57,21.1,HIGH RISK
Bengaluru,12.997734649120098,77.55482314141132,Low,37.78,26.9,HIGH RISK
Bengaluru,12.972844084841046,77.55492929273416,Low,17.81,29.1,WARNING
Bengaluru,13.000043872425282,77.63097181772682,Medium,22.61,29.9,WARNING
Chennai,13.10518438440348,80.27665365457625,Medium,17.14,33.6,WARNING
Mumbai,19.042950174524517,72.85459189635301,High,21.32,31.7,HIGH RISK
Delhi,28.68169618716024,77.08247522539216,Medium,6.69,21.3,WARNING
Coimbatore,11.03888994524556,76.95538024367228,Low,15.08,36.9,WARNING
Lucknow,26.797376736942546,80.93576919784265,Low,18.86,20.7,WARNING
Madurai,9.919222292148126,78.11286162209471,High,15.82,35.2,HIGH RISK
Madurai,9.90726651553751,78.1645278922016,High,38.99,20.7,HIGH RISK
Mumbai,19.12287252217467,72.85684481515801,Medium,13.25,37.3,WARNING
Bhopal,23.234142429678055,77.40020553023241,High,20.15,29.5,HIGH RISK
Madurai,9.895180004871062,78.16952649257304,Medium,15.24,36.6,WARNING
Hyderabad,17.407721336380856,78.53099749154178,High,30.94,18.5,HIGH RISK
Mumbai,19.032915867193765,72.9124787930039,Medium,32.11,34.6,HIGH RISK
Coimbatore,10.997083264251069,76.93106816849311,Medium,27.25,20.8,HIGH RISK
Hyderabad,17.379906672083365,78.4964933854753,High,17.5,25.5,HIGH RISK
Lucknow,26.883663372447867,80.93803006923173,Medium,21.84,36.5,WARNING
Chennai,13.092081994335489,80.31214012487307,Medium,28.36,34.2,HIGH RISK
Bengaluru,12.986299984798341,77.54902966935279,Low,26.65,25.1,HIGH RISK
Patna,25.577259670208186,85.16722310644273,High,26.22,37.3,HIGH RISK
Bengaluru,12.996285302763281,77.6003993416343,Low,4.85,22.4,SAFE
Bhopal,23.256206320855274,77.43055554875477,High,9.62,25.5,HIGH RISK
Bhopal,23.25817710844915,77.39214322205184,High,6.88,38.0,HIGH RISK
Visakhapatnam,17.650967517683156,83.19968903438976,Low,5.53,36.8,SAFE
Pune,18.480162303112568,73.87889939432797,Low,21.32,25.0,WARNING
Pune,18.541477898975526,73.80895851152032,Medium,3.62,18.9,WARNING
Kolkata,22.61559224464886,88.3879489484697,High,5.27,34.0,HIGH RISK
Jaipur,26.90503693836217,75.78350541574945,Low,22.52,24.6,WARNING
Coimbatore,11.03253079111586,76.94535823781281,Medium,25.56,21.7,HIGH RISK
Bhopal,23.252855284110332,77.3630450043326,High,35.44,27.0,HIGH RISK
Mumbai,19.105600805090788,72.8854347905202,Low,11.86,32.1,WARNING
Coimbatore,11.012555042220619,76.93203533954524,High,8.29,24.5,HIGH RISK
Madurai,9.9348970829283,78.1309308421139,Medium,21.58,30.8,WARNING
Lucknow,26.85843626793364,80.97757382542609,Low,14.57,34.9,WARNING
Bhopal,23.277111008171698,77.39391857448656,Medium,36.83,29.8,HIGH RISK
Mumbai,19.040135854326802,72.866546326931,Medium,5.56,25.5,WARNING
Lucknow,26.84536702156924,80.94993792699981,Low,23.42,26.5,WARNING
Visakhapatnam,17.65348655238274,83.19738347740494,High,37.3,21.5,HIGH RISK
Hyderabad,17.421552223085644,78.53188419504879,Medium,33.84,30.4,HIGH RISK
Pune,18.52655820773351,73.8720069760613,Low,8.61,25.7,SAFE
Ahmedabad,23.016885174280926,72.53812534874281,High,20.18,32.2,HIGH RISK
Lucknow,26.799969508685805,80.91868434166433,Low,32.04,22.4,HIGH RISK
Delhi,28.73135476381624,77.10203133430312,Low,31.45,29.3,HIGH RISK
Jaipur,26.916710618209308,75.83638936200057,Low,23.34,23.4,WARNING
Jaipur,26.884254193501008,75.77981546867372,Low,30.64,26.8,HIGH RISK
Bhopal,23.30983126692789,77.40757323428303,High,30.3,24.0,HIGH RISK
Kolkata,22.60016316498808,88.33759460553667,Low,18.12,37.9,WARNING
Coimbatore,11.03787539594938,76.96907706309271,High,23.93,25.0,HIGH RISK
Hyderabad,17.35569427207518,78.44263578336394,High,6.43,22.1,HIGH RISK
Kolkata,22.55496536158547,88.38430537617552,High,11.96,28.8,HIGH RISK
Delhi,28.75264883022618,77.12042993159234,High,11.43,35.2,HIGH RISK
Bengaluru,13.013476871182982,77.64384862256446,Low,38.55,33.7,HIGH RISK
Madurai,9.900167724193814,78.14093948488392,High,5.95,35.3,HIGH RISK
Madurai,9.924145872591565,78.12754255293041,Low,30.7,31.5,HIGH RISK
Delhi,28.71746277633503,77.14051250813074,High,17.15,27.0,HIGH RISK
Bengaluru,13.015233611408858,77.58150711740754,Medium,21.11,23.6,WARNING
Pune,18.55511673260087,73.81601416580895,Medium,23.7,35.4,WARNING
Pune,18.476733068606016,73.86014244643876,High,26.9,25.2,HIGH RISK
Mumbai,19.058286514958997,72.85605930760038,Medium,33.17,27.9,HIGH RISK
Jaipur,26.94123036534767,75.82671546580386,High,6.09,35.0,HIGH RISK
Coimbatore,11.050470217886255,76.90742813523727,Low,2.79,30.5,SAFE
Visakhapatnam,17.7326031769304,83.18873182063975,Low,18.21,18.0,WARNING
Bhopal,23.297342336926402,77.4502595037237,Low,35.4,24.0,HIGH RISK
Bengaluru,12.988050881141277,77.60949112091475,High,15.06,19.6,HIGH RISK
Chennai,13.108223215706754,80.26362309407554,Medium,25.4,32.5,HIGH RISK
Bengaluru,12.929393872157261,77.6039679496841,High,4.71,22.3,HIGH RISK
Jaipur,26.896757415003414,75.74935937861514,High,18.36,18.2,HIGH RISK
Madurai,9.898094686745905,78.07873310809937,Medium,28.07,27.6,HIGH RISK
Coimbatore,10.996725532741197,76.94407210498859,Low,5.02,25.4,SAFE
Madurai,9.882041160752259,78.12612912144697,Low,26.02,31.5,HIGH RISK
Lucknow,26.818005545142352,80.97102688363745,High,7.4,25.0,HIGH RISK
Visakhapatnam,17.65852446778915,83.2581592945609,Medium,25.03,26.8,HIGH RISK
Hyderabad,17.431324871055327,78.46815036681822,Low,23.99,25.7,WARNING
Hyderabad,17.390339663178473,78.49670078672258,Low,11.8,19.7,WARNING
Lucknow,26.881489210443995,80.96204053700852,Medium,31.38,31.8,HIGH RISK
Delhi,28.728884364098125,77.08205420512421,Low,21.19,28.2,WARNING
Chennai,13.082658254127267,80.28009297681378,Low,20.3,20.3,WARNING
Jaipur,26.87559828807327,75.82338140039367,Low,39.49,36.7,HIGH RISK
Lucknow,26.87297259378956,80.99164529839409,Medium,15.25,31.7,WARNING
Coimbatore,10.993018527716206,76.90978268619372,Low,1.65,19.4,SAFE
Chennai,13.082804896550709,80.26224319943755,Medium,20.76,30.6,WARNING
Bhopal,23.271504705566674,77.39034677357346,Medium,4.21,28.7,WARNING
Delhi,28.734906008097067,77.10613901728895,Low,20.94,22.1,WARNING
Ahmedabad,23.040605568470923,72.52801150836211,High,25.74,34.7,HIGH RISK
Bhopal,23.21569059440231,77.37122127983915,Medium,29.47,34.9,HIGH RISK
Ahmedabad,23.003429006387353,72.59556935090575,Low,18.68,30.2,WARNING
Bhopal,23.280049961122383,77.37898326309355,Low,5.66,32.2,SAFE
Kolkata,22.54852469615263,88.35108694308917,High,21.17,34.5,HIGH RISK
Bhopal,23.29988974265855,77.39610110263162,Medium,29.58,20.4,HIGH RISK
Ahmedabad,23.07000505877782,72.58415328328987,Medium,21.43,23.3,WARNING
Pune,18.556335978268745,73.82338813926555,Medium,20.92,19.1,WARNING
Hyderabad,17.40241204315631,78.44823336035341,Medium,31.16,35.9,HIGH RISK
Bhopal,23.21112880730372,77.36719815298898,High,1.1,35.2,HIGH RISK
Kolkata,22.618634214539444,88.31743635739748,Medium,36.89,21.6,HIGH RISK
Coimbatore,10.998980201447207,76.94742565985013,High,29.89,26.4,HIGH RISK
Bhopal,23.247180816673783,77.41280409425596,Medium,11.58,19.6,WARNING
Visakhapatnam,17.73494138639415,83.26390794074605,Low,7.99,34.1,SAFE
Bengaluru,12.952669777404742,77.55323855224333,Medium,34.78,33.5,HIGH RISK
Pune,18.548850721728734,73.88065759867335,Low,15.39,23.8,WARNING
Mumbai,19.125778711626392,72.90528859559554,Medium,15.36,37.4,WARNING
Bhopal,23.21053778827518,77.4036036109566,High,30.66,22.9,HIGH RISK
Mumbai,19.113719861425157,72.92279902621435,High,14.51,34.8,HIGH RISK
Chennai,13.063451063752137,80.2412194372906,High,15.67,32.8,HIGH RISK
Mumbai,19.125695927010756,72.89886524747001,Medium,20.19,19.2,WARNING
Bengaluru,12.973575921849203,77.61468469096987,Low,36.93,35.9,HIGH RISK
Kolkata,22.53215770053374,88.3272513850251,Medium,39.01,19.7,HIGH RISK
Madurai,9.9186982878435,78.16622182747327,Medium,3.92,29.4,WARNING
Mumbai,19.10608168219995,72.89777256063216,Medium,11.18,24.3,WARNING
Bhopal,23.217368743580245,77.38287126262792,Medium,13.4,23.4,WARNING
Coimbatore,11.011756674774032,76.93720332878121,High,5.25,20.1,HIGH RISK
Bengaluru,12.96679170769178,77.59093465950563,High,14.97,33.4,HIGH RISK
Madurai,9.905621498288502,78.14027048039502,Low,4.53,34.2,SAFE
Lucknow,26.81153237973691,80.96731573982852,Low,9.39,35.1,SAFE
Kolkata,22.548616679272122,88.41296766204078,Medium,21.02,31.5,WARNING
Chennai,13.08771208920021,80.23017252769921,Medium,34.33,29.1,HIGH RISK
Bengaluru,12.999695999347097,77.56682881326877,Low,5.74,19.2,SAFE
Mumbai,19.09046850157085,72.88593238014141,Medium,15.52,30.6,WARNING
Delhi,28.74434960819333,77.09684313238361,Low,1.85,19.3,SAFE
Hyderabad,17.36815498912523,78.44096963190904,Low,36.3,34.6,HIGH RISK
Pune,18.552568540153228,73.8461998688222,Low,7.55,29.5,SAFE
Chennai,13.054171610597004,80.23941511137112,Medium,27.65,21.5,HIGH RISK
Delhi,28.71601765488459,77.07707847792453,Medium,35.45,18.7,HIGH RISK
Delhi,28.660197906893284,77.0804775987439,Medium,17.07,29.0,WARNING
Hyderabad,17.38758140582528,78.49977543888248,Medium,8.78,35.7,WARNING
Coimbatore,11.044991576684543,76.94171121098375,High,32.0,37.8,HIGH RISK
Jaipur,26.8945604418668,75.7643435684769,Medium,14.42,29.3,WARNING
Chennai,13.113768936570391,80.24879326653078,Medium,24.29,18.6,WARNING
Coimbatore,11.066760574681135,77.00319798617335,Medium,21.65,33.3,WARNING
Bengaluru,13.003228516160874,77.63632594825704,Low,26.62,23.3,HIGH RISK
Chennai,13.071542252161208,80.31422060320917,Low,23.45,37.7,WARNING
Madurai,9.95582102253594,78.13956265635996,Low,7.87,29.9,SAFE
Visakhapatnam,17.731555873507002,83.22486064867833,High,2.1,32.0,HIGH RISK
Lucknow,26.893738770833778,80.95041246015211,Low,33.63,34.2,HIGH RISK
Hyderabad,17.39516627864451,78.43869279898885,Medium,2.48,19.1,WARNING
Pune,18.551044541331,73.84077590442668,Low,13.94,30.3,WARNING
Hyderabad,17.405469634173233,78.45086526643512,Medium,3.32,21.0,WARNING
Bengaluru,12.958959078008338,77.6387923213468,High,34.57,37.2,HIGH RISK
Ahmedabad,22.98614516688575,72.53715038860169,High,4.94,24.0,HIGH RISK
Ahmedabad,22.989920267095552,72.61827428963332,High,38.47,31.0,HIGH RISK
Bhopal,23.26879501557831,77.38013516299903,High,31.69,22.5,HIGH RISK
Delhi,28.7269830955936,77.14737881042214,High,27.85,20.5,HIGH RISK
Lucknow,26.85344827548294,80.91440817560137,Medium,34.18,33.4,HIGH RISK
Kolkata,22.616268779355426,88.32796433681486,High,9.61,29.3,HIGH RISK
Bhopal,23.226688741675158,77.45113202533952,Low,10.28,37.6,WARNING
Bengaluru,12.955174946557456,77.54573956202955,High,27.13,32.6,HIGH RISK
Mumbai,19.104702000609066,72.8997413587997,Low,28.03,25.0,HIGH RISK
Chennai,13.049333844289595,80.26210191636464,Medium,18.09,26.4,WARNING
Visakhapatnam,17.719680697756626,83.24737299944763,Medium,14.7,25.5,WARNING
Lucknow,26.841828741915307,80.97611945657565,High,30.57,22.5,HIGH RISK
Chennai,13.043172504849881,80.25488082011499,Medium,1.78,23.2,WARNING
Visakhapatnam,17.730983414353524,83.26630415228986,Medium,7.28,19.5,WARNING
Kolkata,22.593050464659182,88.3570323334146,High,39.43,35.9,HIGH RISK
Patna,25.549455574266062,85.120709457944,Low,24.69,26.7,WARNING
Mumbai,19.09899740056703,72.854226476935,Medium,28.19,32.4,HIGH RISK
Delhi,28.711276980785776,77.13648545048457,Medium,10.26,19.0,WARNING
Hyderabad,17.36445494489662,78.50290202260099,Low,15.07,26.6,WARNING
Lucknow,26.81378321916922,80.92538114660462,Medium,8.79,18.5,WARNING
Bengaluru,12.961346734850812,77.59350968121207,Medium,33.91,24.2,HIGH RISK
Patna,25.562588122054205,85.17614926927496,Medium,4.55,28.9,WARNING
Kolkata,22.569105795615467,88.33652422802827,Low,18.39,23.3,WARNING
Delhi,28.720846845913456,77.061070731184,High,3.4,33.0,HIGH RISK
Kolkata,22.54535127586246,88.31999837460577,High,17.15,33.1,HIGH RISK
Ahmedabad,23.059189401370556,72.5688824388122,High,17.33,28.7,HIGH RISK
Visakhapatnam,17.727077720133916,83.23993056991304,Low,19.57,19.6,WARNING
Jaipur,26.930153488557604,75.79932731143494,High,36.12,34.0,HIGH RISK
Bengaluru,13.018816487833776,77.62544607213194,Medium,7.74,37.7,WARNING
Hyderabad,17.378539324553252,78.53642692267788,Low,17.51,37.8,WARNING
Patna,25.63518044857316,85.17901739368986,Low,33.53,23.2,HIGH RISK
Bengaluru,12.954212680536974,77.57222008199072,Low,16.14,25.9,WARNING
Pune,18.52265620104498,73.84865938342253,Low,31.68,30.5,HIGH RISK
Ahmedabad,23.04833773878577,72.6153649984987,Low,6.78,29.8,SAFE
Visakhapatnam,17.665409285404888,83.2220633481146,Low,22.94,20.0,WARNING
Kolkata,22.57980232397986,88.3612046615999,Medium,11.3,31.1,WARNING
Hyderabad,17.40308128632133,78.47687198982744,Medium,16.72,30.4,WARNING
Ahmedabad,23.020021819115307,72.54825843549447,Medium,27.93,19.0,HIGH RISK
Kolkata,22.553694929784797,88.39818465686115,Low,14.18,33.9,WARNING
Madurai,9.897995741360177,78.09984804475175,High,27.71,37.4,HIGH RISK
Bhopal,23.282779941326954,77.42309791324553,Medium,31.19,24.4,HIGH RISK
Bengaluru,12.962317036084045,77.59304603297076,Low,18.23,36.3,WARNING
Jaipur,26.8782972442639,75.7684123093289,Medium,33.02,28.3,HIGH RISK
Jaipur,26.950333259135988,75.74019481593201,Medium,6.29,35.0,WARNING
Mumbai,19.07164486671281,72.91950310693412,Low,33.64,23.0,HIGH RISK
Bhopal,23.260412637493715,77.42614098090758,Low,11.69,34.5,WARNING
Bengaluru,12.981004359345215,77.56235836941639,High,2.19,25.4,HIGH RISK
Madurai,9.891551361451786,78.15924919203121,Medium,23.89,25.0,WARNING
Bhopal,23.214865104284065,77.44798213265855,High,4.53,18.5,HIGH RISK
Coimbatore,11.034569524609097,76.9327083579269,Low,34.43,30.9,HIGH RISK
Ahmedabad,23.049257272841185,72.522289798607,High,1.78,33.6,HIGH RISK
Visakhapatnam,17.63764637271149,83.19373904413607,Low,26.25,30.0,HIGH RISK
Coimbatore,10.994337855821703,76.99534829750692,Medium,28.8,32.2,HIGH RISK
Madurai,9.905414509127436,78.12186378983282,Medium,18.9,22.4,WARNING
Lucknow,26.896642937986815,80.99284854544646,Medium,23.79,18.1,WARNING
Madurai,9.903467687781509,78.13824131358571,Medium,22.9,29.9,WARNING
Pune,18.50291370702795,73.83438849302914,Low,14.12,23.5,WARNING
Patna,25.562936008124,85.13932935855797,High,38.14,31.0,HIGH RISK
Mumbai,19.086003330114558,72.89375303236811,Low,32.41,34.0,HIGH RISK
Patna,25.64384690995783,85.1135426272712,Low,29.13,31.1,HIGH RISK
Ahmedabad,23.043306895937587,72.57860424340367,Medium,16.14,18.7,WARNING
Mumbai,19.079463510154422,72.90618970552961,Medium,29.34,22.4,HIGH RISK
Visakhapatnam,17.653798666406157,83.2342614684675,High,14.98,24.0,HIGH RISK
Jaipur,26.936491889156887,75.80981866371062,Low,12.46,27.4,WARNING
Jaipur,26.927843464435117,75.7595253511513,Low,37.93,36.0,HIGH RISK
Mumbai,19.114684354969352,72.86486824297648,High,34.99,26.4,HIGH RISK
Lucknow,26.802067695440645,80.9596396743652,Medium,19.09,20.4,WARNING
Lucknow,26.84674773744927,80.98294977546983,High,3.78,35.8,HIGH RISK
Ahmedabad,23.057923977040335,72.53513652591731,High,12.64,19.1,HIGH RISK
Mumbai,19.116662093450614,72.87345714330615,Medium,16.96,29.4,WARNING
Kolkata,22.555862944691654,88.41256403726997,High,8.03,19.6,HIGH RISK
Kolkata,22.54353823683351,88.39125422713205,High,3.26,27.0,HIGH RISK
Lucknow,26.8055041343759,80.95764797387251,Low,20.09,33.3,WARNING
Patna,25.582431642005346,85.0913725318475,Medium,16.73,37.3,WARNING
Mumbai,19.058221313384806,72.91102286665667,High,15.55,18.3,HIGH RISK
Mumbai,19.050882312287587,72.89705247471704,Low,27.39,30.5,HIGH RISK
Kolkata,22.58146706881681,88.33060201872684,Medium,6.03,25.7,WARNING
Madurai,9.947983191144681,78.12943699186155,Low,12.63,23.8,WARNING
Kolkata,22.556873283925757,88.40403837761446,Medium,35.63,37.9,HIGH RISK
Kolkata,22.60380083168402,88.31581247331233,Low,7.43,36.1,SAFE
Mumbai,19.028191327206564,72.87816335545853,High,39.41,22.2,HIGH RISK
Bengaluru,12.959119243267585,77.60863210852726,Medium,28.73,33.8,HIGH RISK
Coimbatore,10.97159603757111,76.9166113450211,High,25.3,29.9,HIGH RISK
Madurai,9.91963142889459,78.08215950629956,Low,2.88,20.3,SAFE
Delhi,28.72267400285476,77.05343045480633,Medium,28.37,22.1,HIGH RISK
Ahmedabad,23.034779777680065,72.59147263462035,High,4.94,28.4,HIGH RISK
Ahmedabad,23.00077067681701,72.59987600661684,Low,20.95,30.4,WARNING
Pune,18.55354988205071,73.90401197223193,Low,24.75,33.6,WARNING
Kolkata,22.57741387637284,88.4049356627462,High,16.98,21.2,HIGH RISK
Bhopal,23.27706331324652,77.45328800442698,Medium,13.89,18.1,WARNING
Madurai,9.884208267357593,78.12097053469647,High,27.09,21.0,HIGH RISK
Bhopal,23.23301602864917,77.46146659307576,High,4.95,23.1,HIGH RISK
Delhi,28.67157018089454,77.05644445199688,Medium,19.11,20.0,WARNING
Delhi,28.72795401957922,77.06199984703306,Medium,32.26,24.3,HIGH RISK
Coimbatore,11.031519862617934,76.93866608260686,Low,1.38,20.8,SAFE
Visakhapatnam,17.710106794533843,83.20576221532745,Medium,38.25,23.4,HIGH RISK
Kolkata,22.56825386866915,88.39747083453663,Low,5.44,26.0,SAFE
Bhopal,23.289590955703538,77.37390565563776,Medium,32.2,31.0,HIGH RISK
Bhopal,23.225839539748215,77.4042027716631,High,3.29,36.8,HIGH RISK
Lucknow,26.81482605605373,80.93417507791159,Medium,32.29,31.6,HIGH RISK
Kolkata,22.606453647654714,88.41124445802254,High,2.12,31.7,HIGH RISK
Hyderabad,17.37612842637352,78.44129723253796,Medium,36.9,20.3,HIGH RISK
Delhi,28.721892892102016,77.129252871829,High,13.26,32.1,HIGH RISK
Lucknow,26.86368443582143,80.93003006417685,High,23.04,37.6,HIGH RISK
Jaipur,26.928571326284597,75.76215769948507,High,28.32,19.9,HIGH RISK
Kolkata,22.60650330212298,88.36973442367022,High,27.38,25.7,HIGH RISK
Lucknow,26.84725675718847,80.9431288936644,Low,1.45,36.7,SAFE
Pune,18.49448918166972,73.90371450487834,Low,3.92,27.8,SAFE
Chennai,13.073027699346174,80.24419999999914,High,9.69,30.9,HIGH RISK
Pune,18.5560589224178,73.85140681199138,Medium,32.25,27.0,HIGH RISK
Bengaluru,12.961943965897216,77.54818319324042,Medium,30.06,18.4,HIGH RISK
Jaipur,26.958717124828002,75.801053812242,Low,33.21,33.8,HIGH RISK
Visakhapatnam,17.682420792322127,83.20258542004477,High,22.93,31.1,HIGH RISK
Madurai,9.908397262555473,78.14654163998645,Low,32.85,34.9,HIGH RISK
Lucknow,26.841953245617464,80.90594370223234,Medium,28.95,25.3,HIGH RISK
Patna,25.607466118046965,85.16759127156436,Low,1.09,25.1,SAFE
Jaipur,26.952087711867808,75.78654221421812,High,15.58,20.1,HIGH RISK
Madurai,9.900628931125143,78.08939214671518,High,29.96,26.2,HIGH RISK
Bengaluru,12.940657876405707,77.57839335485977,Medium,9.41,34.5,WARNING
Coimbatore,11.034014177242526,76.91812191903304,Medium,2.81,30.7,WARNING
Visakhapatnam,17.687219757615505,83.26488547561976,Medium,18.84,29.8,WARNING
Chennai,13.075981037985397,80.27921207113485,High,29.71,29.1,HIGH RISK
Visakhapatnam,17.705981771262405,83.18586502701827,High,31.46,36.2,HIGH RISK
Madurai,9.935816077395302,78.10198437619813,Low,5.04,31.2,SAFE
Visakhapatnam,17.706051553537232,83.19332387890935,Medium,17.33,30.2,WARNING
Ahmedabad,22.98583718310161,72.56267454728076,Medium,38.85,27.1,HIGH RISK
Bhopal,23.26468059713595,77.39399107950916,High,20.98,34.9,HIGH RISK
Bhopal,23.272316758920535,77.39165794954792,High,25.67,22.0,HIGH RISK
Kolkata,22.62011794931168,88.33168126992575,High,6.17,32.2,HIGH RISK
Jaipur,26.93847750248331,75.79352802114515,High,25.84,32.2,HIGH RISK
Lucknow,26.864124348553915,80.9855866001378,High,37.76,32.2,HIGH RISK
Jaipur,26.86367705151046,75.74794704658484,Medium,35.22,26.4,HIGH RISK
Ahmedabad,22.99919782694443,72.59995321925948,Low,3.07,19.1,SAFE
Delhi,28.7231594850364,77.08201405659617,High,10.77,34.8,HIGH RISK
Coimbatore,10.977048000633797,76.99260353736544,High,2.26,34.3,HIGH RISK
Bhopal,23.26602705527908,77.38635954725662,High,34.73,32.8,HIGH RISK
Coimbatore,11.059448481116878,76.9445554648642,High,12.22,31.3,HIGH RISK
Coimbatore,10.968096523767464,76.93093411283722,High,13.19,29.0,HIGH RISK
Lucknow,26.867162906889277,80.96096323855501,Medium,33.37,36.2,HIGH RISK
Coimbatore,11.044414674512232,77.0022289823126,High,22.32,30.1,HIGH RISK
Delhi,28.672797658153232,77.06987951318554,Medium,7.92,31.7,WARNING
Jaipur,26.918059862059536,75.75030665301153,Low,15.71,26.6,WARNING
Lucknow,26.890449445047082,80.90019405893214,Medium,1.22,27.3,WARNING
Visakhapatnam,17.6993366662559,83.25281399811946,Medium,24.28,33.5,WARNING
Delhi,28.661388079547905,77.12326815613946,Medium,31.81,29.0,HIGH RISK
Jaipur,26.94102582393374,75.75323704925175,Low,38.32,28.4,HIGH RISK
Jaipur,26.950739673886712,75.80363344764403,High,16.73,25.0,HIGH RISK
Kolkata,22.584428060098364,88.36138571887362,Medium,12.45,37.0,WARNING
Jaipur,26.90696672462847,75.82774964584877,High,1.34,31.4,HIGH RISK
Lucknow,26.885266015899877,80.93433726076181,High,10.51,18.8,HIGH RISK
Coimbatore,10.99508289942794,76.99693359266286,Low,16.05,28.8,WARNING
Madurai,9.923880470916519,78.09944339695743,Medium,21.06,28.2,WARNING
Patna,25.553695643108632,85.18476287699065,Low,13.49,19.6,WARNING
Coimbatore,10.987878147493552,76.96875144839106,High,21.8,30.5,HIGH RISK
Mumbai,19.079775421402417,72.89797428662676,High,17.54,20.1,HIGH RISK
Bhopal,23.284589082567425,77.37797545772176,Medium,26.22,36.8,HIGH RISK
Pune,18.475826807089142,73.88612147869759,High,13.94,19.8,HIGH RISK
Jaipur,26.88826479589912,75.77610326036448,Low,23.42,22.6,WARNING
Patna,25.611429873232773,85.1410834370061,Medium,17.89,18.3,WARNING
Patna,25.60266080133134,85.1576882031383,High,25.12,33.1,HIGH RISK
Bengaluru,13.000289189766258,77.57473507098449,Medium,37.19,20.1,HIGH RISK
Bengaluru,12.961111325822863,77.61067231649072,Medium,30.85,26.8,HIGH RISK
Pune,18.5094992565429,73.88644846128335,Low,21.81,20.7,WARNING
Jaipur,26.930128904550507,75.82871689163846,Medium,38.45,20.9,HIGH RISK
Coimbatore,10.96791502077693,76.99327669276228,High,26.27,37.1,HIGH RISK
Hyderabad,17.374408170087005,78.49145254501923,Low,2.63,29.5,SAFE
Bengaluru,12.994193734669576,77.5657736942922,Medium,9.19,32.8,WARNING
Visakhapatnam,17.65519927227854,83.23018849232402,High,34.21,20.8,HIGH RISK
Delhi,28.71082926444728,77.05793883059278,Low,5.47,31.4,SAFE
Coimbatore,10.99586526675201,76.91253627574048,High,18.99,29.0,HIGH RISK
Bengaluru,12.954685093168273,77.5574215146596,Low,29.3,27.7,HIGH RISK
Patna,25.634111859084292,85.11937859372338,Low,4.9,30.4,SAFE
Pune,18.52881699328452,73.86325520079052,Medium,25.04,24.1,HIGH RISK
Kolkata,22.55392147807343,88.39246601120645,Medium,38.39,21.4,HIGH RISK
Bhopal,23.245848599975037,77.43055801798475,High,25.99,23.5,HIGH RISK
Kolkata,22.553147179644533,88.36906718261602,Medium,19.05,25.2,WARNING
Hyderabad,17.42087136553708,78.45070016687161,High,24.66,34.8,HIGH RISK
Jaipur,26.870046237855725,75.74483999567934,Low,11.27,35.7,WARNING
Chennai,13.090590078727256,80.29762002549026,High,25.63,34.3,HIGH RISK
Mumbai,19.125872817501186,72.8749103950783,Low,22.51,28.9,WARNING
Coimbatore,11.044014484356046,76.97912268272128,Low,15.27,22.5,WARNING
Delhi,28.693778515764972,77.10271672696665,Low,19.12,28.2,WARNING
Patna,25.605503597656014,85.10418435520322,Low,34.07,34.1,HIGH RISK
Jaipur,26.9572711831613,75.8032413306953,Low,18.4,21.6,WARNING
Hyderabad,17.339041982605174,78.5128472377834,High,29.55,36.8,HIGH RISK
Mumbai,19.092858560000938,72.87948852297941,Low,11.31,22.7,WARNING
Coimbatore,11.054955198131827,76.90979046985849,Medium,16.14,36.4,WARNING
Patna,25.607456698177494,85.11494953152751,Medium,5.03,37.4,WARNING
Bhopal,23.247565956954414,77.40045185170568,Medium,23.57,29.4,WARNING
Lucknow,26.821858641022686,80.99346741083507,High,36.03,19.6,HIGH RISK
Mumbai,19.060503232305393,72.90696574534336,High,16.83,34.3,HIGH RISK
Visakhapatnam,17.68078987007559,83.19149907660268,High,1.26,35.6,HIGH RISK
Jaipur,26.87813573526906,75.79750202764669,High,11.95,21.0,HIGH RISK
Madurai,9.908222476524305,78.0811338697564,Low,26.78,26.3,HIGH RISK
Patna,25.608825923414056,85.12868992071633,Medium,19.68,29.8,WARNING
Mumbai,19.039472404800012,72.87896428160012,Low,5.99,29.8,SAFE
Visakhapatnam,17.72904468706551,83.22016406926382,High,6.73,21.3,HIGH RISK
Ahmedabad,23.060350898295304,72.59419743154477,High,38.8,30.8,HIGH RISK
Madurai,9.935852589792592,78.11694134549148,Medium,37.94,22.3,HIGH RISK
Pune,18.484671213706296,73.86496461376284,Low,9.56,26.2,SAFE
Coimbatore,10.98357217015936,76.97435911638041,Low,25.31,28.2,HIGH RISK
Visakhapatnam,17.67462113521208,83.18172131984575,Medium,24.26,19.4,WARNING
Chennai,13.101136783119884,80.30335141855893,Low,21.39,36.2,WARNING
Lucknow,26.856681379687068,80.9839752637743,Low,7.92,36.0,SAFE
Jaipur,26.928339261116335,75.82749847557207,High,30.34,19.9,HIGH RISK
Jaipur,26.927323173510654,75.78950442296616,Low,35.98,33.5,HIGH RISK
Kolkata,22.616442162789628,88.36211234478769,Low,28.21,26.6,HIGH RISK
Coimbatore,11.057585887659743,76.98951905140333,Medium,14.67,34.1,WARNING
Lucknow,26.873285889035845,80.98720853566755,Low,17.59,23.1,WARNING
Bengaluru,12.947380497632192,77.5451469454148,Medium,24.33,28.9,WARNING
Bhopal,23.210619405245055,77.42805461208032,Low,23.54,20.4,WARNING
Bhopal,23.25250715890793,77.42113701848807,Medium,16.94,20.1,WARNING
Delhi,28.681656054288,77.12056057050636,High,17.52,25.3,HIGH RISK
Coimbatore,11.015046775700688,76.94282129688791,Low,17.12,33.7,WARNING
Jaipur,26.89683563042149,75.80784946079712,Medium,10.9,24.1,WARNING
Bhopal,23.284681419507987,77.40725948774151,Low,34.34,31.2,HIGH RISK
Bhopal,23.288508112289335,77.44268537333501,Low,4.91,28.2,SAFE
Lucknow,26.835610368058507,80.95978766183651,High,27.7,19.0,HIGH RISK
Coimbatore,11.026824544175996,76.9146140689314,Low,33.11,27.4,HIGH RISK
Delhi,28.726549471342807,77.1455684991065,Low,15.46,30.2,WARNING
Ahmedabad,23.068852982221152,72.5271463034583,High,26.59,23.7,HIGH RISK
Coimbatore,10.986970724280601,76.97148842227068,Low,25.97,26.8,HIGH RISK
Coimbatore,11.026751491289248,76.95738136315528,High,12.15,18.7,HIGH RISK
Mumbai,19.04992566252874,72.82772872718547,High,7.61,18.7,HIGH RISK
Hyderabad,17.370312766335655,78.47621431170512,Low,39.88,33.6,HIGH RISK
Lucknow,26.803561717193706,80.90521658575952,Low,21.19,32.7,WARNING
Delhi,28.688909524824826,77.14882876650655,High,33.36,36.3,HIGH RISK
Delhi,28.747071384081213,77.10999067217459,Low,24.65,21.9,WARNING
Delhi,28.66133859705267,77.08192518244682,Low,16.88,20.1,WARNING
Bengaluru,13.002914734960639,77.60208938787738,High,38.31,35.5,HIGH RISK
Bhopal,23.286896719273383,77.43834732850466,Medium,38.68,29.3,HIGH RISK
Coimbatore,11.053002327927464,76.95399701620659,Medium,27.58,35.9,HIGH RISK
Delhi,28.676138232294406,77.12261761011924,Low,15.92,33.8,WARNING
Coimbatore,11.020365190739723,76.97588185523165,Medium,17.08,25.1,WARNING
Delhi,28.72897881319305,77.08669928779902,Low,12.2,26.0,WARNING
Jaipur,26.95183162528702,75.76420757824688,Low,19.59,25.1,WARNING
Bhopal,23.28361122479414,77.38608613719302,High,37.28,21.8,HIGH RISK
Mumbai,19.050969543394697,72.88955968991819,Medium,9.06,22.1,WARNING
Hyderabad,17.43057796840625,78.48596648632721,Low,5.68,19.6,SAFE
Chennai,13.069819653538367,80.2522416905972,High,38.36,35.0,HIGH RISK
Visakhapatnam,17.735239468267757,83.26010068296726,High,34.88,27.8,HIGH RISK
Delhi,28.65951481712888,77.132426991778,Medium,9.66,29.5,WARNING
Pune,18.556440013049794,73.8842903963855,High,2.27,24.9,HIGH RISK
Pune,18.539321054905965,73.80788199786105,Low,28.23,27.2,HIGH RISK
Mumbai,19.087277809636177,72.85367007690904,Medium,23.66,24.5,WARNING
Jaipur,26.923708404313846,75.7738924151122,Medium,10.25,27.4,WARNING
Pune,18.50763096278688,73.89213260872408,Medium,9.21,32.0,WARNING
Delhi,28.711689272920797,77.07535667494997,Medium,8.02,20.6,WARNING
Bengaluru,12.964821875173085,77.58268833822315,High,11.53,22.7,HIGH RISK
Hyderabad,17.352660727665963,78.48665978261118,High,6.83,34.1,HIGH RISK
Visakhapatnam,17.71533329366939,83.19850341821535,High,21.16,32.4,HIGH RISK
Jaipur,26.8787341880292,75.7588467324956,High,2.86,20.0,HIGH RISK
Delhi,28.728559322046234,77.07847691220117,Medium,33.72,19.9,HIGH RISK
Kolkata,22.557014027646062,88.35507609047983,High,22.74,34.2,HIGH RISK
Kolkata,22.580189445747337,88.37881309518995,High,38.56,22.0,HIGH RISK
Hyderabad,17.383749374430437,78.51035261647621,Medium,14.85,31.5,WARNING
Visakhapatnam,17.699971219048347,83.18298483382782,Low,15.86,23.7,WARNING
Hyderabad,17.398127340832584,78.49386375738737,High,32.5,24.7,HIGH RISK
Madurai,9.906548206338941,78.13510130974304,Low,4.09,24.9,SAFE
Bhopal,23.29866918065913,77.44069740369231,Medium,24.61,25.9,WARNING
Kolkata,22.56399890608737,88.33228861991034,High,23.89,37.3,HIGH RISK
Chennai,13.1267437337338,80.29076969284247,Low,29.38,31.2,HIGH RISK
Bengaluru,12.927979239959116,77.63246909764497,Low,7.51,20.1,SAFE
Jaipur,26.93889963721336,75.74562512013907,Low,2.03,25.9,SAFE
Delhi,28.74264713170964,77.083437065355,High,7.06,31.1,HIGH RISK
Mumbai,19.039127711062687,72.91155177788929,High,12.08,30.5,HIGH RISK
Chennai,13.065220131665649,80.26831547406555,Low,26.88,35.2,HIGH RISK
Madurai,9.888711490799146,78.1646486132157,High,37.46,29.0,HIGH RISK
Jaipur,26.937291160157212,75.82502937101422,Low,24.04,27.1,WARNING
Ahmedabad,23.06339231516955,72.56956516827022,High,25.95,28.7,HIGH RISK
Mumbai,19.051980704393774,72.85805729155732,Low,18.23,25.3,WARNING
Chennai,13.067088491725,80.26761979552441,High,32.8,35.0,HIGH RISK
Chennai,13.080406707045146,80.22161325995764,High,36.96,36.9,HIGH RISK
Ahmedabad,23.02732121957365,72.5402570979325,Medium,24.28,33.9,WARNING
Visakhapatnam,17.708293798298477,83.23309907992909,High,18.05,23.0,HIGH RISK
Madurai,9.937732301425608,78.12146100618581,Medium,9.6,19.6,WARNING
Coimbatore,10.995267685467345,76.98009268921311,High,32.5,31.7,HIGH RISK
Coimbatore,10.985040717900263,76.93475952992912,Medium,17.1,35.1,WARNING
Patna,25.606375378027558,85.1063789442544,Medium,25.09,23.4,HIGH RISK
Chennai,13.051293759814154,80.23092734886566,Low,2.94,28.7,SAFE
Delhi,28.677381049795596,77.06756836936975,Low,28.89,32.5,HIGH RISK
Pune,18.550346235193604,73.90649634461657,Low,14.33,24.2,WARNING
Pune,18.554754629926805,73.90186440417327,High,31.87,24.6,HIGH RISK
Chennai,13.079714677659872,80.23991922929265,Medium,31.25,19.4,HIGH RISK
Madurai,9.887396155618577,78.14661456708512,Medium,32.87,34.6,HIGH RISK
Mumbai,19.099761901255352,72.83105102915704,Medium,31.08,26.9,HIGH RISK
Pune,18.56861158514056,73.85398255449915,High,31.07,28.4,HIGH RISK
Patna,25.61692370779081,85.16207245786893,Medium,37.51,21.2,HIGH RISK
Jaipur,26.89228130837584,75.77334266560638,High,5.76,27.6,HIGH RISK
Chennai,13.095990896590175,80.25315134876301,High,9.49,20.3,HIGH RISK
Hyderabad,17.359308933324318,78.53358349294811,Medium,23.8,25.9,WARNING
Lucknow,26.833839866330322,80.90514799027497,High,19.54,29.9,HIGH RISK
Hyderabad,17.428084878451862,78.53639731029836,Medium,4.56,30.4,WARNING
Patna,25.6142328140023,85.16674662443653,Low,3.33,30.9,SAFE
Hyderabad,17.413856182578687,78.51236975232014,Medium,10.07,37.6,WARNING
Coimbatore,11.00457689364416,76.97823991578723,Medium,29.59,18.4,HIGH RISK
Delhi,28.68357145964409,77.12220377749958,Low,19.93,26.8,WARNING
Mumbai,19.09924024101227,72.85523244628584,High,8.28,25.0,HIGH RISK
Madurai,9.882087658336117,78.08530254780753,High,36.66,29.1,HIGH RISK
Delhi,28.731691790734253,77.10309577329386,Medium,22.12,27.1,WARNING
Bhopal,23.246307519710076,77.42461973128228,Low,35.43,30.4,HIGH RISK
Kolkata,22.6045049733784,88.33288694524472,High,3.47,37.3,HIGH RISK
Patna,25.57241290835336,85.12858045277663,Medium,30.86,21.1,HIGH RISK
Kolkata,22.526977726342675,88.40767995366586,Low,4.75,31.2,SAFE
Hyderabad,17.344875358664854,78.49380121813547,Low,8.88,27.7,SAFE
Madurai,9.945331402157471,78.0953938530334,Medium,26.66,28.5,HIGH RISK
Kolkata,22.615621103680905,88.33477380934936,Low,24.63,19.4,WARNING
Pune,18.506492605112506,73.88104774409103,Low,19.25,30.8,WARNING
Visakhapatnam,17.64263000244472,83.23019333254234,Medium,33.06,33.9,HIGH RISK
Jaipur,26.870193537486053,75.7588900063221,Low,29.64,34.7,HIGH RISK
Jaipur,26.900933108822603,75.75661194478735,Low,4.95,22.6,SAFE
Patna,25.5999423480013,85.14341416071593,Low,23.23,37.0,WARNING
Bhopal,23.277349256374478,77.43285504161808,Low,30.89,29.5,HIGH RISK
Ahmedabad,23.01265571736149,72.55515128705615,Low,7.51,21.6,SAFE
Hyderabad,17.370232407527034,78.46821549961425,High,39.94,26.9,HIGH RISK
Kolkata,22.605215497504076,88.34624509200485,Medium,17.08,30.7,WARNING
Mumbai,19.081023870562127,72.90215783485033,High,22.28,25.5,HIGH RISK
Kolkata,22.59523132783373,88.41219564711785,Medium,18.45,25.9,WARNING
Lucknow,26.82688416539324,80.92623339617282,Low,21.19,37.9,WARNING
Mumbai,19.10819399224471,72.89667191839095,Low,34.37,18.4,HIGH RISK
Delhi,28.711261183025474,77.06192871275375,High,20.94,29.4,HIGH RISK
Pune,18.559362535248813,73.8316856905885,Medium,7.09,23.3,WARNING
Delhi,28.745888180334447,77.12592659538777,Medium,4.58,26.0,WARNING
Bhopal,23.292470524438485,77.43155951010499,Medium,31.92,21.5,HIGH RISK
Lucknow,26.869778936195626,80.95382836961564,Low,24.21,24.0,WARNING
Bengaluru,13.009579250265018,77.58803043969313,Low,36.95,24.7,HIGH RISK
Visakhapatnam,17.702077918316036,83.22873016343166,Low,34.92,22.5,HIGH RISK
Chennai,13.063178339287925,80.22481822521637,High,31.32,25.6,HIGH RISK
Jaipur,26.88447971748203,75.74235198141459,High,6.83,28.0,HIGH RISK
Bhopal,23.267425485385004,77.37160829525448,Medium,38.87,33.1,HIGH RISK
Ahmedabad,23.006116817804088,72.56898546543974,Medium,31.67,21.0,HIGH RISK
Bhopal,23.24975270373659,77.40604911111431,Low,22.38,23.3,WARNING
Bhopal,23.22971085277189,77.40213188035804,Low,30.72,27.6,HIGH RISK
Lucknow,26.84912477822769,80.92043150917266,Low,22.89,37.9,WARNING
Delhi,28.663059464812672,77.11967475534497,Medium,13.61,36.5,WARNING
Ahmedabad,23.03188771490411,72.52382068303352,Medium,14.58,24.4,WARNING
Delhi,28.753115918227135,77.09672101052342,Low,39.52,30.3,HIGH RISK
Hyderabad,17.354968521360576,78.47408207903206,Medium,2.75,34.4,WARNING
Coimbatore,10.972253801336175,77.00069409150258,High,34.26,20.2,HIGH RISK
Visakhapatnam,17.638173329269346,83.23787952250562,Low,34.88,34.4,HIGH RISK
Bengaluru,12.94250095411242,77.5984005457907,Medium,18.55,18.5,WARNING
Mumbai,19.07430263303447,72.90069235835098,High,21.41,23.2,HIGH RISK
Hyderabad,17.393300494332642,78.50305283419996,High,28.25,18.4,HIGH RISK
Chennai,13.111618849450743,80.28249647763914,Medium,7.64,23.7,WARNING
Chennai,13.071564514723699,80.24783103790804,Medium,26.54,18.2,HIGH RISK
Madurai,9.904449557753958,78.15814023151502,High,15.05,20.2,HIGH RISK
Ahmedabad,23.043468879833522,72.61178720601458,Low,39.21,28.2,HIGH RISK
Pune,18.520465082286886,73.85249862621478,High,21.73,21.7,HIGH RISK
Visakhapatnam,17.689741536385515,83.20185696346309,High,1.84,22.9,HIGH RISK
Ahmedabad,23.00769130822672,72.58392309702509,High,7.12,24.9,HIGH RISK
Mumbai,19.05176793646714,72.86641705896437,High,11.76,19.2,HIGH RISK
Madurai,9.897758269762775,78.10397861528484,Low,37.82,37.0,HIGH RISK
Ahmedabad,23.024571784407353,72.58919948965642,High,6.35,32.6,HIGH RISK
Madurai,9.932489855295978,78.11244649970124,High,27.77,26.3,HIGH RISK
Delhi,28.674775727466102,77.06635765267986,High,13.84,28.8,HIGH RISK
Jaipur,26.89329983961622,75.80781363877851,High,32.2,35.3,HIGH RISK
Jaipur,26.939404999775554,75.80292317530292,Low,17.77,36.2,WARNING
Lucknow,26.891560156416475,80.90803872907172,Low,13.38,29.1,WARNING
Kolkata,22.61061319001086,88.35530401554198,Low,29.36,33.3,HIGH RISK
Ahmedabad,23.061913009313383,72.61472500304157,Medium,18.28,36.7,WARNING
Delhi,28.672574649657456,77.12874474837331,Low,31.39,20.1,HIGH RISK
Lucknow,26.8197911348733,80.91941825342694,High,11.41,29.3,HIGH RISK
Patna,25.59176022200442,85.13783245874505,Low,15.01,31.8,WARNING
Lucknow,26.881912943246558,80.94534455970664,Medium,28.77,25.5,HIGH RISK
Hyderabad,17.411453885412826,78.43820142604517,Low,8.54,18.6,SAFE
Delhi,28.674383357618584,77.07295621057312,Medium,9.68,31.4,WARNING
Hyderabad,17.367489562680404,78.48245449294417,Medium,34.82,27.8,HIGH RISK
Mumbai,19.099533177989965,72.86573741687552,Medium,16.79,18.8,WARNING
Kolkata,22.58198058013928,88.3664230531703,Medium,24.85,32.8,WARNING
Visakhapatnam,17.68196095925637,83.25120101016594,High,31.69,28.4,HIGH RISK
Chennai,13.106217008155028,80.27647009498135,Low,21.23,25.9,WARNING
Jaipur,26.90635538747165,75.82573975760383,High,38.54,21.8,HIGH RISK
Coimbatore,11.028113427924389,76.91125466668154,Medium,18.99,26.4,WARNING
Jaipur,26.87144408076603,75.78736577902524,Low,19.08,30.9,WARNING
Hyderabad,17.348530667419038,78.47805593050975,High,37.58,31.9,HIGH RISK
Pune,18.54166343913063,73.82689320047092,Low,7.98,29.8,SAFE
Pune,18.56111624630054,73.88634862224758,Low,10.75,31.8,WARNING
Bhopal,23.25483984180247,77.39889433891572,High,5.82,20.3,HIGH RISK
Jaipur,26.913566645148453,75.83227538891427,High,15.98,33.8,HIGH RISK
Ahmedabad,23.063725277882213,72.5779491578514,High,15.84,33.4,HIGH RISK
Patna,25.621015679657496,85.09273104902178,Low,7.32,20.9,SAFE
Delhi,28.682978053744474,77.07056960263667,Medium,29.48,37.2,HIGH RISK
Visakhapatnam,17.713339580712553,83.16972077648241,Low,38.46,18.1,HIGH RISK
Pune,18.55867029205372,73.83048783540195,Medium,22.2,18.1,WARNING
Lucknow,26.80464049173684,80.95621021042956,High,19.55,26.2,HIGH RISK
Mumbai,19.108012139130572,72.84846376009652,High,11.85,30.6,HIGH RISK
Hyderabad,17.349537441621596,78.43994320917352,Low,3.15,25.0,SAFE
Lucknow,26.801603136274878,80.93789569238554,High,12.64,36.4,HIGH RISK
Hyderabad,17.40415136180807,78.49619689863047,Low,27.21,30.2,HIGH RISK
Coimbatore,11.024696629244229,76.9989479819386,High,7.92,27.1,HIGH RISK
Bengaluru,13.003626474228254,77.62044419878373,Medium,13.59,36.0,WARNING
Madurai,9.887402323000595,78.15574079410614,High,3.53,27.4,HIGH RISK
Kolkata,22.543505098030014,88.31971845872798,High,17.14,22.2,HIGH RISK
Lucknow,26.80546697412406,80.96860741378714,High,39.19,28.6,HIGH RISK
Lucknow,26.828348855849846,80.94873912253317,High,12.2,30.2,HIGH RISK
Lucknow,26.846339692544717,80.96911847439995,Medium,37.16,30.3,HIGH RISK
Pune,18.49367216394885,73.83574880641346,Medium,32.51,35.7,HIGH RISK
Mumbai,19.10567325532282,72.90144683756237,Low,5.61,27.3,SAFE
Mumbai,19.059379225693384,72.88374155049179,High,39.96,26.3,HIGH RISK
Patna,25.572262670325056,85.16661955028462,Low,1.44,22.0,SAFE
Delhi,28.65471312624353,77.1210835788647,Medium,20.76,24.5,WARNING
Kolkata,22.525511738181148,88.3314629088238,Medium,29.25,30.3,HIGH RISK
Kolkata,22.57005004534517,88.31745582508866,Medium,36.97,27.6,HIGH RISK
Hyderabad,17.421522435051926,78.52629286014371,Medium,7.06,27.2,WARNING
Pune,18.52250732243906,73.86319426409972,Medium,37.18,19.1,HIGH RISK
Patna,25.601839764217655,85.1207719292697,Medium,22.65,18.4,WARNING
Visakhapatnam,17.72087391535578,83.2024152417955,Medium,3.58,21.0,WARNING
Ahmedabad,23.03306890889225,72.54013789101481,High,21.84,21.3,HIGH RISK
Bengaluru,12.924762821584565,77.58598695678621,Medium,28.51,24.3,HIGH RISK
Pune,18.500662870502573,73.85921004196877,Low,15.49,34.6,WARNING
Hyderabad,17.35520984136563,78.44596041189118,Low,15.59,18.7,WARNING
Jaipur,26.877807777719358,75.7713115904239,Low,32.16,36.1,HIGH RISK
Pune,18.50313379515357,73.883648139721,High,35.08,24.2,HIGH RISK
Bengaluru,12.994057063225323,77.59053684106141,High,27.39,20.7,HIGH RISK
Bhopal,23.21430299636651,77.44741240242294,High,5.52,24.2,HIGH RISK
Madurai,9.885510282946063,78.1464180184923,Low,14.0,35.8,WARNING
Bhopal,23.27378508520434,77.38358456868595,Medium,1.88,33.2,WARNING
Mumbai,19.103278709740277,72.8948124041957,Low,12.18,28.6,WARNING
Delhi,28.749929805450847,77.1084625763551,Low,7.14,20.3,SAFE
Bengaluru,12.948705210081902,77.6389277818742,Low,22.16,29.0,WARNING
Coimbatore,10.997937755970108,76.99502431047166,Medium,23.39,21.4,WARNING
Jaipur,26.952729240765795,75.74234560105944,Medium,2.98,18.6,WARNING
Ahmedabad,23.042967759367915,72.61052758945878,Low,4.36,25.8,SAFE
Patna,25.575344065115104,85.16934419790368,High,28.28,30.3,HIGH RISK
Bhopal,23.30217839913647,77.43904282837636,High,32.56,19.6,HIGH RISK
Lucknow,26.866559940907564,80.90592629968494,Low,4.62,34.0,SAFE
Delhi,28.70115458747722,77.14724482702002,High,26.13,33.3,HIGH RISK
Hyderabad,17.353335307165693,78.52842644217698,High,11.06,25.3,HIGH RISK
Kolkata,22.570133436203665,88.34904408206839,Medium,18.68,18.6,WARNING
Pune,18.52786782580569,73.85749496659557,Low,12.01,25.0,WARNING
Ahmedabad,23.037445141278898,72.6006430939541,High,32.07,24.5,HIGH RISK
Jaipur,26.924487483885656,75.7920949017279,Medium,16.63,26.3,WARNING
